{
  "global": {
    "accuracy": 0.9684444444444444,
    "precision": 0.9688562577030805,
    "recall": 0.9684444444444444,
    "f1": 0.9684086057045445
  },
  "per_class": {
    "AnnualCrop": {
      "precision": 0.975,
      "recall": 0.962,
      "f1-score": 0.9684563758389262
    },
    "Forest": {
      "precision": 0.9297045101088647,
      "recall": 0.9963333333333333,
      "f1-score": 0.9618664521319389
    },
    "HerbaceousVegetation": {
      "precision": 0.9644827586206897,
      "recall": 0.9323333333333333,
      "f1-score": 0.948135593220339
    },
    "Highway": {
      "precision": 0.9644994016753091,
      "recall": 0.9672,
      "f1-score": 0.9658478130617136
    },
    "Industrial": {
      "precision": 0.9825673534072901,
      "recall": 0.992,
      "f1-score": 0.9872611464968153
    },
    "Pasture": {
      "precision": 0.9733820459290188,
      "recall": 0.9325,
      "f1-score": 0.9525025536261491
    },
    "PermanentCrop": {
      "precision": 0.9525707453168593,
      "recall": 0.956,
      "f1-score": 0.9542822918746257
    },
    "Residential": {
      "precision": 0.9828778399736582,
      "recall": 0.995,
      "f1-score": 0.9889017724035116
    },
    "River": {
      "precision": 0.9653133622388648,
      "recall": 0.9796,
      "f1-score": 0.9724042088544769
    },
    "SeaLake": {
      "precision": 0.9979274611398964,
      "recall": 0.963,
      "f1-score": 0.9801526717557252
    }
  },
  "prediction_distribution": {
    "AnnualCrop": 2960,
    "Forest": 3215,
    "HerbaceousVegetation": 2900,
    "Highway": 2507,
    "Industrial": 2524,
    "Pasture": 1916,
    "PermanentCrop": 2509,
    "Residential": 3037,
    "River": 2537,
    "SeaLake": 2895
  }
}