{
  "loss": [
    0.5234991908073425,
    0.33541059494018555,
    0.2939199209213257,
    0.26829609274864197,
    0.23676525056362152,
    0.17764218151569366,
    0.1583237648010254,
    0.14348971843719482,
    0.1176641508936882,
    0.10985276103019714
  ],
  "accuracy": [
    0.8439815044403076,
    0.8920833468437195,
    0.9051389098167419,
    0.9115277528762817,
    0.9211574196815491,
    0.9371296167373657,
    0.9472222328186035,
    0.9486111402511597,
    0.9593981504440308,
    0.960694432258606
  ],
  "val_loss": [
    0.27107277512550354,
    0.2761228084564209,
    0.2464233636856079,
    0.248648539185524,
    0.2636014521121979,
    0.2250102013349533,
    0.2281528115272522,
    0.23465293645858765,
    0.22576625645160675,
    0.2301843762397766
  ],
  "val_accuracy": [
    0.9101851582527161,
    0.9105555415153503,
    0.9185185432434082,
    0.9183333516120911,
    0.92166668176651,
    0.9307407140731812,
    0.9309259057044983,
    0.9303703904151917,
    0.9338889122009277,
    0.9333333373069763
  ],
  "lr": [
    0.0010000000474974513,
    0.0010000000474974513,
    0.0010000000474974513,
    0.0010000000474974513,
    0.0010000000474974513,
    0.0005000000237487257,
    0.0005000000237487257,
    0.0005000000237487257,
    0.0002500000118743628,
    0.0002500000118743628
  ]
}